"page","per_page","photos__id","photos__width","photos__height","photos__url","photos__photographer","photos__photographer_url","photos__photographer_id","photos__avg_color","photos__src__original","photos__src__large2x","photos__src__large","photos__src__medium","photos__src__small","photos__src__portrait","photos__src__landscape","photos__src__tiny","photos__liked","photos__alt","total_results","next_page"
"1","15","2014422","3024","3024","https://www.pexels.com/photo/brown-rocks-during-golden-hour-2014422/","Joey Farina","https://www.pexels.com/@joey","680589","#978E82","https://images.pexels.com/photos/2014422/pexels-photo-2014422.jpeg","https://images.pexels.com/photos/2014422/pexels-photo-2014422.jpeg?auto=compress&cs=tinysrgb&dpr=2&h=650&w=940","https://images.pexels.com/photos/2014422/pexels-photo-2014422.jpeg?auto=compress&cs=tinysrgb&h=650&w=940","https://images.pexels.com/photos/2014422/pexels-photo-2014422.jpeg?auto=compress&cs=tinysrgb&h=350","https://images.pexels.com/photos/2014422/pexels-photo-2014422.jpeg?auto=compress&cs=tinysrgb&h=130","https://images.pexels.com/photos/2014422/pexels-photo-2014422.jpeg?auto=compress&cs=tinysrgb&fit=crop&h=1200&w=800","https://images.pexels.com/photos/2014422/pexels-photo-2014422.jpeg?auto=compress&cs=tinysrgb&fit=crop&h=627&w=1200","https://images.pexels.com/photos/2014422/pexels-photo-2014422.jpeg?auto=compress&cs=tinysrgb&dpr=1&fit=crop&h=200&w=280","False","Brown Rocks During Golden Hour","8000","https://api.pexels.com/v1/search/?page=2&per_page=15&query=nature"
"","","3509971","3992","2992","https://www.pexels.com/photo/aerial-photography-of-snow-covered-trees-3509971/","Tomáš Malík","https://www.pexels.com/@tomas-malik-793526","793526","#647185","https://images.pexels.com/photos/3509971/pexels-photo-3509971.jpeg","https://images.pexels.com/photos/3509971/pexels-photo-3509971.jpeg?auto=compress&cs=tinysrgb&dpr=2&h=650&w=940","https://images.pexels.com/photos/3509971/pexels-photo-3509971.jpeg?auto=compress&cs=tinysrgb&h=650&w=940","https://images.pexels.com/photos/3509971/pexels-photo-3509971.jpeg?auto=compress&cs=tinysrgb&h=350","https://images.pexels.com/photos/3509971/pexels-photo-3509971.jpeg?auto=compress&cs=tinysrgb&h=130","https://images.pexels.com/photos/3509971/pexels-photo-3509971.jpeg?auto=compress&cs=tinysrgb&fit=crop&h=1200&w=800","https://images.pexels.com/photos/3509971/pexels-photo-3509971.jpeg?auto=compress&cs=tinysrgb&fit=crop&h=627&w=1200","https://images.pexels.com/photos/3509971/pexels-photo-3509971.jpeg?auto=compress&cs=tinysrgb&dpr=1&fit=crop&h=200&w=280","False","Aerial Photography of Snow Covered Trees","",""
"","","3573351","3066","3968","https://www.pexels.com/photo/trees-during-day-3573351/","Lukas Rodriguez","https://www.pexels.com/@lukas-rodriguez-1845331","1845331","#374824","https://images.pexels.com/photos/3573351/pexels-photo-3573351.png","https://images.pexels.com/photos/3573351/pexels-photo-3573351.png?auto=compress&cs=tinysrgb&dpr=2&h=650&w=940","https://images.pexels.com/photos/3573351/pexels-photo-3573351.png?auto=compress&cs=tinysrgb&h=650&w=940","https://images.pexels.com/photos/3573351/pexels-photo-3573351.png?auto=compress&cs=tinysrgb&h=350","https://images.pexels.com/photos/3573351/pexels-photo-3573351.png?auto=compress&cs=tinysrgb&h=130","https://images.pexels.com/photos/3573351/pexels-photo-3573351.png?auto=compress&cs=tinysrgb&fit=crop&h=1200&w=800","https://images.pexels.com/photos/3573351/pexels-photo-3573351.png?auto=compress&cs=tinysrgb&fit=crop&h=627&w=1200","https://images.pexels.com/photos/3573351/pexels-photo-3573351.png?auto=compress&cs=tinysrgb&dpr=1&fit=crop&h=200&w=280","False","Trees during day    ","",""
"","","572897","6914","4463","https://www.pexels.com/photo/mountain-covered-snow-under-star-572897/","eberhard grossgasteiger","https://www.pexels.com/@eberhardgross","121938","#5D5A63","https://images.pexels.com/photos/572897/pexels-photo-572897.jpeg","https://images.pexels.com/photos/572897/pexels-photo-572897.jpeg?auto=compress&cs=tinysrgb&dpr=2&h=650&w=940","https://images.pexels.com/photos/572897/pexels-photo-572897.jpeg?auto=compress&cs=tinysrgb&h=650&w=940","https://images.pexels.com/photos/572897/pexels-photo-572897.jpeg?auto=compress&cs=tinysrgb&h=350","https://images.pexels.com/photos/572897/pexels-photo-572897.jpeg?auto=compress&cs=tinysrgb&h=130","https://images.pexels.com/photos/572897/pexels-photo-572897.jpeg?auto=compress&cs=tinysrgb&fit=crop&h=1200&w=800","https://images.pexels.com/photos/572897/pexels-photo-572897.jpeg?auto=compress&cs=tinysrgb&fit=crop&h=627&w=1200","https://images.pexels.com/photos/572897/pexels-photo-572897.jpeg?auto=compress&cs=tinysrgb&dpr=1&fit=crop&h=200&w=280","False","Mountain Covered Snow Under Star","",""
"","","3244513","5121","3525","https://www.pexels.com/photo/brown-landscape-under-grey-sky-3244513/","Andy Vu","https://www.pexels.com/@andyhvu","1653971","#473C36","https://images.pexels.com/photos/3244513/pexels-photo-3244513.jpeg","https://images.pexels.com/photos/3244513/pexels-photo-3244513.jpeg?auto=compress&cs=tinysrgb&dpr=2&h=650&w=940","https://images.pexels.com/photos/3244513/pexels-photo-3244513.jpeg?auto=compress&cs=tinysrgb&h=650&w=940","https://images.pexels.com/photos/3244513/pexels-photo-3244513.jpeg?auto=compress&cs=tinysrgb&h=350","https://images.pexels.com/photos/3244513/pexels-photo-3244513.jpeg?auto=compress&cs=tinysrgb&h=130","https://images.pexels.com/photos/3244513/pexels-photo-3244513.jpeg?auto=compress&cs=tinysrgb&fit=crop&h=1200&w=800","https://images.pexels.com/photos/3244513/pexels-photo-3244513.jpeg?auto=compress&cs=tinysrgb&fit=crop&h=627&w=1200","https://images.pexels.com/photos/3244513/pexels-photo-3244513.jpeg?auto=compress&cs=tinysrgb&dpr=1&fit=crop&h=200&w=280","False","Brown Landscape Under Grey Sky","",""
"","","3225517","4664","5830","https://www.pexels.com/photo/photo-of-stream-during-daytime-3225517/","Michael Block","https://www.pexels.com/@michael-block-1691617","1691617","#6D7B7C","https://images.pexels.com/photos/3225517/pexels-photo-3225517.jpeg","https://images.pexels.com/photos/3225517/pexels-photo-3225517.jpeg?auto=compress&cs=tinysrgb&dpr=2&h=650&w=940","https://images.pexels.com/photos/3225517/pexels-photo-3225517.jpeg?auto=compress&cs=tinysrgb&h=650&w=940","https://images.pexels.com/photos/3225517/pexels-photo-3225517.jpeg?auto=compress&cs=tinysrgb&h=350","https://images.pexels.com/photos/3225517/pexels-photo-3225517.jpeg?auto=compress&cs=tinysrgb&h=130","https://images.pexels.com/photos/3225517/pexels-photo-3225517.jpeg?auto=compress&cs=tinysrgb&fit=crop&h=1200&w=800","https://images.pexels.com/photos/3225517/pexels-photo-3225517.jpeg?auto=compress&cs=tinysrgb&fit=crop&h=627&w=1200","https://images.pexels.com/photos/3225517/pexels-photo-3225517.jpeg?auto=compress&cs=tinysrgb&dpr=1&fit=crop&h=200&w=280","False","Photo Of Stream During Daytime","",""
"","","1770809","2832","4240","https://www.pexels.com/photo/green-grass-near-trees-1770809/","Luis Dalvan","https://www.pexels.com/@luisdalvan","811128","#325042","https://images.pexels.com/photos/1770809/pexels-photo-1770809.jpeg","https://images.pexels.com/photos/1770809/pexels-photo-1770809.jpeg?auto=compress&cs=tinysrgb&dpr=2&h=650&w=940","https://images.pexels.com/photos/1770809/pexels-photo-1770809.jpeg?auto=compress&cs=tinysrgb&h=650&w=940","https://images.pexels.com/photos/1770809/pexels-photo-1770809.jpeg?auto=compress&cs=tinysrgb&h=350","https://images.pexels.com/photos/1770809/pexels-photo-1770809.jpeg?auto=compress&cs=tinysrgb&h=130","https://images.pexels.com/photos/1770809/pexels-photo-1770809.jpeg?auto=compress&cs=tinysrgb&fit=crop&h=1200&w=800","https://images.pexels.com/photos/1770809/pexels-photo-1770809.jpeg?auto=compress&cs=tinysrgb&fit=crop&h=627&w=1200","https://images.pexels.com/photos/1770809/pexels-photo-1770809.jpeg?auto=compress&cs=tinysrgb&dpr=1&fit=crop&h=200&w=280","False","Green Grass Near Trees","",""
"","","1761279","3685","5527","https://www.pexels.com/photo/first-perspective-photography-of-hanging-bridge-1761279/","Jacob Colvin","https://www.pexels.com/@jake-pnw","825671","#353633","https://images.pexels.com/photos/1761279/pexels-photo-1761279.jpeg","https://images.pexels.com/photos/1761279/pexels-photo-1761279.jpeg?auto=compress&cs=tinysrgb&dpr=2&h=650&w=940","https://images.pexels.com/photos/1761279/pexels-photo-1761279.jpeg?auto=compress&cs=tinysrgb&h=650&w=940","https://images.pexels.com/photos/1761279/pexels-photo-1761279.jpeg?auto=compress&cs=tinysrgb&h=350","https://images.pexels.com/photos/1761279/pexels-photo-1761279.jpeg?auto=compress&cs=tinysrgb&h=130","https://images.pexels.com/photos/1761279/pexels-photo-1761279.jpeg?auto=compress&cs=tinysrgb&fit=crop&h=1200&w=800","https://images.pexels.com/photos/1761279/pexels-photo-1761279.jpeg?auto=compress&cs=tinysrgb&fit=crop&h=627&w=1200","https://images.pexels.com/photos/1761279/pexels-photo-1761279.jpeg?auto=compress&cs=tinysrgb&dpr=1&fit=crop&h=200&w=280","False","First Perspective Photography of Hanging Bridge","",""
"","","3214944","3807","5710","https://www.pexels.com/photo/palm-trees-at-beach-3214944/","Alex Azabache","https://www.pexels.com/@alexazabache","1664241","#7F645B","https://images.pexels.com/photos/3214944/pexels-photo-3214944.jpeg","https://images.pexels.com/photos/3214944/pexels-photo-3214944.jpeg?auto=compress&cs=tinysrgb&dpr=2&h=650&w=940","https://images.pexels.com/photos/3214944/pexels-photo-3214944.jpeg?auto=compress&cs=tinysrgb&h=650&w=940","https://images.pexels.com/photos/3214944/pexels-photo-3214944.jpeg?auto=compress&cs=tinysrgb&h=350","https://images.pexels.com/photos/3214944/pexels-photo-3214944.jpeg?auto=compress&cs=tinysrgb&h=130","https://images.pexels.com/photos/3214944/pexels-photo-3214944.jpeg?auto=compress&cs=tinysrgb&fit=crop&h=1200&w=800","https://images.pexels.com/photos/3214944/pexels-photo-3214944.jpeg?auto=compress&cs=tinysrgb&fit=crop&h=627&w=1200","https://images.pexels.com/photos/3214944/pexels-photo-3214944.jpeg?auto=compress&cs=tinysrgb&dpr=1&fit=crop&h=200&w=280","False","Palm Trees at Beach","",""
"","","1402850","5211","6514","https://www.pexels.com/photo/man-standing-on-cliff-watching-punch-bowl-waterfalls-1402850/","S Migaj","https://www.pexels.com/@simonmigaj","233851","#817A46","https://images.pexels.com/photos/1402850/pexels-photo-1402850.jpeg","https://images.pexels.com/photos/1402850/pexels-photo-1402850.jpeg?auto=compress&cs=tinysrgb&dpr=2&h=650&w=940","https://images.pexels.com/photos/1402850/pexels-photo-1402850.jpeg?auto=compress&cs=tinysrgb&h=650&w=940","https://images.pexels.com/photos/1402850/pexels-photo-1402850.jpeg?auto=compress&cs=tinysrgb&h=350","https://images.pexels.com/photos/1402850/pexels-photo-1402850.jpeg?auto=compress&cs=tinysrgb&h=130","https://images.pexels.com/photos/1402850/pexels-photo-1402850.jpeg?auto=compress&cs=tinysrgb&fit=crop&h=1200&w=800","https://images.pexels.com/photos/1402850/pexels-photo-1402850.jpeg?auto=compress&cs=tinysrgb&fit=crop&h=627&w=1200","https://images.pexels.com/photos/1402850/pexels-photo-1402850.jpeg?auto=compress&cs=tinysrgb&dpr=1&fit=crop&h=200&w=280","False","Man Standing on Cliff Watching Punch-bowl Waterfalls","",""
"","","3293148","5832","3888","https://www.pexels.com/photo/silhouette-of-a-person-on-a-swing-3293148/","Asad Photo Maldives","https://www.pexels.com/@asadphotography","45786","#374962","https://images.pexels.com/photos/3293148/pexels-photo-3293148.jpeg","https://images.pexels.com/photos/3293148/pexels-photo-3293148.jpeg?auto=compress&cs=tinysrgb&dpr=2&h=650&w=940","https://images.pexels.com/photos/3293148/pexels-photo-3293148.jpeg?auto=compress&cs=tinysrgb&h=650&w=940","https://images.pexels.com/photos/3293148/pexels-photo-3293148.jpeg?auto=compress&cs=tinysrgb&h=350","https://images.pexels.com/photos/3293148/pexels-photo-3293148.jpeg?auto=compress&cs=tinysrgb&h=130","https://images.pexels.com/photos/3293148/pexels-photo-3293148.jpeg?auto=compress&cs=tinysrgb&fit=crop&h=1200&w=800","https://images.pexels.com/photos/3293148/pexels-photo-3293148.jpeg?auto=compress&cs=tinysrgb&fit=crop&h=627&w=1200","https://images.pexels.com/photos/3293148/pexels-photo-3293148.jpeg?auto=compress&cs=tinysrgb&dpr=1&fit=crop&h=200&w=280","False","Silhouette Of A Person On A Swing","",""
"","","3329292","3635","5452","https://www.pexels.com/photo/back-view-of-a-woman-walking-on-a-log-in-the-forest-3329292/","Brady Knoll","https://www.pexels.com/@trvlust","1428578","#3B3E34","https://images.pexels.com/photos/3329292/pexels-photo-3329292.jpeg","https://images.pexels.com/photos/3329292/pexels-photo-3329292.jpeg?auto=compress&cs=tinysrgb&dpr=2&h=650&w=940","https://images.pexels.com/photos/3329292/pexels-photo-3329292.jpeg?auto=compress&cs=tinysrgb&h=650&w=940","https://images.pexels.com/photos/3329292/pexels-photo-3329292.jpeg?auto=compress&cs=tinysrgb&h=350","https://images.pexels.com/photos/3329292/pexels-photo-3329292.jpeg?auto=compress&cs=tinysrgb&h=130","https://images.pexels.com/photos/3329292/pexels-photo-3329292.jpeg?auto=compress&cs=tinysrgb&fit=crop&h=1200&w=800","https://images.pexels.com/photos/3329292/pexels-photo-3329292.jpeg?auto=compress&cs=tinysrgb&fit=crop&h=627&w=1200","https://images.pexels.com/photos/3329292/pexels-photo-3329292.jpeg?auto=compress&cs=tinysrgb&dpr=1&fit=crop&h=200&w=280","False","Back View of a Woman Walking on a Log in the Forest","",""
"","","3331094","2992","3992","https://www.pexels.com/photo/areal-photo-of-sea-wave-3331094/","Max Ravier","https://www.pexels.com/@maxravier","1183810","#3F4C4D","https://images.pexels.com/photos/3331094/pexels-photo-3331094.jpeg","https://images.pexels.com/photos/3331094/pexels-photo-3331094.jpeg?auto=compress&cs=tinysrgb&dpr=2&h=650&w=940","https://images.pexels.com/photos/3331094/pexels-photo-3331094.jpeg?auto=compress&cs=tinysrgb&h=650&w=940","https://images.pexels.com/photos/3331094/pexels-photo-3331094.jpeg?auto=compress&cs=tinysrgb&h=350","https://images.pexels.com/photos/3331094/pexels-photo-3331094.jpeg?auto=compress&cs=tinysrgb&h=130","https://images.pexels.com/photos/3331094/pexels-photo-3331094.jpeg?auto=compress&cs=tinysrgb&fit=crop&h=1200&w=800","https://images.pexels.com/photos/3331094/pexels-photo-3331094.jpeg?auto=compress&cs=tinysrgb&fit=crop&h=627&w=1200","https://images.pexels.com/photos/3331094/pexels-photo-3331094.jpeg?auto=compress&cs=tinysrgb&dpr=1&fit=crop&h=200&w=280","False","Areal Photo of Sea Wave","",""
"","","3464632","2242","3992","https://www.pexels.com/photo/watercrafts-on-river-3464632/","Jeremy Bishop","https://www.pexels.com/@jeremy-bishop-1260133","1260133","#736B3E","https://images.pexels.com/photos/3464632/pexels-photo-3464632.jpeg","https://images.pexels.com/photos/3464632/pexels-photo-3464632.jpeg?auto=compress&cs=tinysrgb&dpr=2&h=650&w=940","https://images.pexels.com/photos/3464632/pexels-photo-3464632.jpeg?auto=compress&cs=tinysrgb&h=650&w=940","https://images.pexels.com/photos/3464632/pexels-photo-3464632.jpeg?auto=compress&cs=tinysrgb&h=350","https://images.pexels.com/photos/3464632/pexels-photo-3464632.jpeg?auto=compress&cs=tinysrgb&h=130","https://images.pexels.com/photos/3464632/pexels-photo-3464632.jpeg?auto=compress&cs=tinysrgb&fit=crop&h=1200&w=800","https://images.pexels.com/photos/3464632/pexels-photo-3464632.jpeg?auto=compress&cs=tinysrgb&fit=crop&h=627&w=1200","https://images.pexels.com/photos/3464632/pexels-photo-3464632.jpeg?auto=compress&cs=tinysrgb&dpr=1&fit=crop&h=200&w=280","False","Watercrafts on River","",""
"","","624015","4216","2848","https://www.pexels.com/photo/aurora-borealis-624015/","Frans Van Heerden","https://www.pexels.com/@frans-van-heerden-201846","201846","#71839F","https://images.pexels.com/photos/624015/pexels-photo-624015.jpeg","https://images.pexels.com/photos/624015/pexels-photo-624015.jpeg?auto=compress&cs=tinysrgb&dpr=2&h=650&w=940","https://images.pexels.com/photos/624015/pexels-photo-624015.jpeg?auto=compress&cs=tinysrgb&h=650&w=940","https://images.pexels.com/photos/624015/pexels-photo-624015.jpeg?auto=compress&cs=tinysrgb&h=350","https://images.pexels.com/photos/624015/pexels-photo-624015.jpeg?auto=compress&cs=tinysrgb&h=130","https://images.pexels.com/photos/624015/pexels-photo-624015.jpeg?auto=compress&cs=tinysrgb&fit=crop&h=1200&w=800","https://images.pexels.com/photos/624015/pexels-photo-624015.jpeg?auto=compress&cs=tinysrgb&fit=crop&h=627&w=1200","https://images.pexels.com/photos/624015/pexels-photo-624015.jpeg?auto=compress&cs=tinysrgb&dpr=1&fit=crop&h=200&w=280","False","Aurora Borealis","",""
